{"final_score": 0.1168617446514426, "macula_score": 0.2337234893028852, "widefield_score": 0.0}
