{"final_score": 0.11969222268021387, "macula_score": 0.23938444536042774, "widefield_score": 0.0}
