{"final_score": 0.12058329569239236, "macula_score": 0.24116659138478472, "widefield_score": 0.0}
